"job_title_short","salary_year_avg","job_location","company_name"
"Data Analyst","650000.0","Anywhere","Mantys"
"Data Analyst","336500.0","Anywhere","Meta"
"Data Analyst","255829.5","Anywhere","AT&T"
"Data Analyst","232423.0","Anywhere","Pinterest Job Advertisements"
"Data Analyst","217000.0","Anywhere","Uclahealthcareers"
"Data Analyst","205000.0","Anywhere","SmartAsset"
"Data Analyst","189309.0","Anywhere","Inclusively"
"Data Analyst","189000.0","Anywhere","Motional"
"Data Analyst","186000.0","Anywhere","SmartAsset"
"Data Analyst","184000.0","Anywhere","Get It Recruit - Information Technology"
